{"_step":4,"acc":0.46524000000000004,"loss":0,"_wandb":{"runtime":179},"_runtime":179,"_timestamp":1.7524702912459896e+09}